{
    "d1": [
        "$goto","test",
        "Welcome to the first day of the rest of your *Afterlife*!",
        "$openTransition",60,
        "There's a few ^troublemakers^ trying to sneak past *Afterlife Security*! Click on them to send 'em right back!",
        "$end",
        "#test"
    ],
    "d2": [
        "Wanted posters can have multiple criteria",
        "Only click on people who match every category in a wanted poster"
    ],
    "d3": [
        "Some troublemakers can only be identified by their body temperature",
        "$open_two_windows",60,
        "Use this new ^dual window technolgy^ to see body temperature"
    ],
    "d4": [
        "To identify these intruders, make sure they have the right appearance AND temperature"
    ],
    "d5": [
        "Some troublemakers can be identified by their personal belongings",
        "$addCamera",
        "In your thermal camera, press the new button to switch to x-ray mode"
    ],
    "d6": [
        "Now, you will need to use both thermal and x-ray mode",
        "Press the camera buttons to switch between them"
    ],
    "d7": [
        "Now, we will bestow upon you our final invention: the ^soul viewer^.",
        "$addCamera",
        "With this tool, you can see the quality of each soul"
    ],
    "end": [
        "Well done, you've earned a place in heaven!",
        "You can keep playing as long as you'd like, or stop here."
    ]
}